weekday,shift,station,operator_id,last_station,total,ng_count,avg_cycle_time,first_date,last_date,ng_rate,is_anomaly,reason
Friday,Afternoon,M308,BADGE SYS DISABLED,Str1,53,2,93.30188679245283,2025-05-16 14:58:24,2025-05-16 21:38:29,0.03773584905660377,False,
Friday,Afternoon,M308,BADGE SYS DISABLED,Str3,81,2,77.95061728395062,2025-05-16 15:32:21,2025-05-16 21:53:10,0.024691358024691357,False,
Friday,Afternoon,M308,BADGE SYS DISABLED,Str5,28,0,67.60714285714286,2025-05-16 14:51:02,2025-05-16 21:48:56,0.0,False,
Friday,Afternoon,M309,BADGE SYS DISABLED,Str1,25,2,244.04,2025-05-16 14:17:56,2025-05-16 21:12:21,0.08,False,üê¢ Ciclo: 244s
Friday,Afternoon,M309,BADGE SYS DISABLED,Str3,29,0,110.72413793103448,2025-05-16 15:47:54,2025-05-16 20:13:40,0.0,False,
Friday,Afternoon,M309,BADGE SYS DISABLED,Str5,3,1,265.3333333333333,2025-05-16 14:19:38,2025-05-16 20:02:28,0.3333333333333333,False,üî¥ Scarto: 33% | üê¢ Ciclo: 265s | ‚ö†Ô∏è Pochi moduli
Friday,Afternoon,M326,,Str3,2,2,1055.0,2025-05-16 19:36:09,2025-05-16 19:36:09,1.0,False,üî¥ Scarto: 100% | üê¢ Ciclo: 1055s | ‚ö†Ô∏è Pochi moduli
Friday,Afternoon,M326,041978700000,Str3,1,0,1590.0,2025-05-16 21:46:16,2025-05-16 21:46:16,0.0,False,üê¢ Ciclo: 1590s | ‚ö†Ô∏è Pochi moduli
Friday,Afternoon,M326,041978700000,Str5,1,1,5582.0,2025-05-16 16:02:29,2025-05-16 16:02:29,1.0,False,üî¥ Scarto: 100% | üê¢ Ciclo: 5582s | ‚ö†Ô∏è Pochi moduli
Friday,Afternoon,M326,042126300000,Str1,2,2,3114.0,2025-05-16 14:36:38,2025-05-16 18:20:53,1.0,False,üî¥ Scarto: 100% | üê¢ Ciclo: 3114s | ‚ö†Ô∏è Pochi moduli
Friday,Afternoon,M326,042126300000,Str3,3,3,6067.0,2025-05-16 19:55:15,2025-05-16 19:55:15,1.0,False,üî¥ Scarto: 100% | üê¢ Ciclo: 6067s | ‚ö†Ô∏è Pochi moduli
Friday,Morning,M308,BADGE SYS DISABLED,Str1,131,31,1297.526717557252,2025-05-16 06:17:43,2025-05-16 13:53:49,0.2366412213740458,True,üî¥ Scarto: 24% | üê¢ Ciclo: 1297s
Friday,Morning,M308,BADGE SYS DISABLED,Str3,2,0,29.5,2025-05-16 12:52:31,2025-05-16 13:06:25,0.0,False,‚ö†Ô∏è Pochi moduli
Friday,Morning,M308,BADGE SYS DISABLED,Str4,2,2,24.5,2025-05-16 11:32:40,2025-05-16 11:33:39,1.0,True,üî¥ Scarto: 100% | ‚ö†Ô∏è Pochi moduli
Friday,Morning,M308,BADGE SYS DISABLED,Str5,55,6,83.47272727272727,2025-05-16 06:21:37,2025-05-16 13:55:22,0.10909090909090909,False,
Friday,Morning,M309,BADGE SYS DISABLED,Str1,44,18,121.81395348837209,2025-05-16 06:56:15,2025-05-16 10:03:35,0.4090909090909091,False,üî¥ Scarto: 41% | üê¢ Ciclo: 121s
Friday,Morning,M309,BADGE SYS DISABLED,Str5,34,25,620.5588235294117,2025-05-16 07:22:19,2025-05-16 10:11:02,0.7352941176470589,True,üî¥ Scarto: 74% | üê¢ Ciclo: 620s
Friday,Morning,M326,,Str1,11,10,372.6363636363636,2025-05-16 06:15:59,2025-05-16 07:46:38,0.9090909090909091,False,üî¥ Scarto: 91% | üê¢ Ciclo: 372s
Friday,Morning,M326,,Str3,3,3,329.0,2025-05-16 07:07:17,2025-05-16 07:07:17,1.0,False,üî¥ Scarto: 100% | üê¢ Ciclo: 329s | ‚ö†Ô∏è Pochi moduli
Friday,Morning,M326,041708500000,Str1,22,21,1251.3636363636363,2025-05-16 07:51:30,2025-05-16 08:32:44,0.9545454545454546,False,üî¥ Scarto: 95% | üê¢ Ciclo: 1251s
Friday,Morning,M326,041708500000,Str5,11,10,272.0,2025-05-16 08:12:57,2025-05-16 08:21:53,0.9090909090909091,False,üî¥ Scarto: 91% | üê¢ Ciclo: 272s
Friday,Morning,M326,041926500000,Str5,1,0,1960.0,2025-05-16 10:49:51,2025-05-16 10:49:51,0.0,False,üê¢ Ciclo: 1960s | ‚ö†Ô∏è Pochi moduli
Friday,Morning,M326,041970600000,Str1,2,0,184.0,2025-05-16 06:53:40,2025-05-16 07:00:53,0.0,False,üê¢ Ciclo: 184s | ‚ö†Ô∏è Pochi moduli
Friday,Morning,M326,041970600000,Str5,4,0,1009.0,2025-05-16 06:43:42,2025-05-16 09:05:24,0.0,False,üê¢ Ciclo: 1009s | ‚ö†Ô∏è Pochi moduli
Friday,Morning,M326,041979300000,Str1,17,15,342.0625,2025-05-16 07:14:24,2025-05-16 09:58:14,0.8823529411764706,False,üî¥ Scarto: 88% | üê¢ Ciclo: 342s
Friday,Morning,M326,041979300000,Str5,2,1,6731.0,2025-05-16 10:10:56,2025-05-16 11:24:46,0.5,False,üî¥ Scarto: 50% | üê¢ Ciclo: 6731s | ‚ö†Ô∏è Pochi moduli
Friday,Night,M308,BADGE SYS DISABLED,Str1,46,8,209.34782608695653,2025-05-16 02:33:57,2025-05-16 22:24:17,0.17391304347826086,True,üê¢ Ciclo: 209s
Friday,Night,M308,BADGE SYS DISABLED,Str3,43,3,64.0,2025-05-16 03:23:11,2025-05-16 23:59:32,0.06976744186046512,False,
Friday,Night,M308,BADGE SYS DISABLED,Str5,29,6,78.13793103448276,2025-05-16 04:07:45,2025-05-16 23:57:29,0.20689655172413793,False,üî¥ Scarto: 21%
Friday,Night,M309,BADGE SYS DISABLED,Str1,17,0,255.76470588235293,2025-05-16 01:29:58,2025-05-16 05:26:31,0.0,False,üê¢ Ciclo: 255s
Friday,Night,M309,BADGE SYS DISABLED,Str3,8,2,418.14285714285717,2025-05-16 03:31:58,2025-05-16 05:39:55,0.25,False,üî¥ Scarto: 25% | üê¢ Ciclo: 418s
Friday,Night,M309,BADGE SYS DISABLED,Str5,5,2,203.6,2025-05-16 03:00:56,2025-05-16 05:29:20,0.4,False,üî¥ Scarto: 40% | üê¢ Ciclo: 203s
Friday,Night,M326,,Str3,1,0,1423.0,2025-05-16 23:25:57,2025-05-16 23:25:57,0.0,False,üê¢ Ciclo: 1423s | ‚ö†Ô∏è Pochi moduli
Friday,Night,M326,,Str5,13,13,308.0,2025-05-16 01:49:17,2025-05-16 01:49:17,1.0,True,üî¥ Scarto: 100% | üê¢ Ciclo: 308s
Friday,Night,M326,041701600000,Str5,1,0,3716.0,2025-05-16 23:50:13,2025-05-16 23:50:13,0.0,False,üê¢ Ciclo: 3716s | ‚ö†Ô∏è Pochi moduli
Friday,Night,M326,041709200000,Str1,3,3,2683.0,2025-05-16 02:39:26,2025-05-16 02:39:26,1.0,False,üî¥ Scarto: 100% | üê¢ Ciclo: 2683s | ‚ö†Ô∏è Pochi moduli
Friday,Night,M326,041709200000,Str3,1,0,356.0,2025-05-16 02:06:45,2025-05-16 02:06:45,0.0,False,üê¢ Ciclo: 356s | ‚ö†Ô∏è Pochi moduli
Friday,Night,M326,041929300000,Str5,1,1,415.0,2025-05-16 04:12:07,2025-05-16 04:12:07,1.0,False,üî¥ Scarto: 100% | üê¢ Ciclo: 415s | ‚ö†Ô∏è Pochi moduli
Friday,Night,M326,Attesa ricezione bad,Str1,3,2,783.3333333333334,2025-05-16 03:25:04,2025-05-16 03:53:44,0.6666666666666666,False,üî¥ Scarto: 67% | üê¢ Ciclo: 783s | ‚ö†Ô∏è Pochi moduli
Monday,Afternoon,M308,BADGE SYS DISABLED,Str1,48,6,77.9375,2025-05-19 14:39:31,2025-05-19 20:58:00,0.125,False,
Monday,Afternoon,M308,BADGE SYS DISABLED,Str3,26,12,199.19230769230768,2025-05-19 14:42:19,2025-05-19 18:26:13,0.46153846153846156,False,üî¥ Scarto: 46% | üê¢ Ciclo: 199s
Monday,Afternoon,M308,BADGE SYS DISABLED,Str5,35,2,83.57142857142857,2025-05-19 17:59:22,2025-05-19 21:05:18,0.05714285714285714,False,
Monday,Afternoon,M309,BADGE SYS DISABLED,Str1,44,2,120.06818181818181,2025-05-19 14:29:29,2025-05-19 21:14:20,0.045454545454545456,False,üê¢ Ciclo: 120s
Monday,Afternoon,M309,BADGE SYS DISABLED,Str3,22,4,223.54545454545453,2025-05-19 14:31:29,2025-05-19 18:22:10,0.18181818181818182,False,üê¢ Ciclo: 223s
Monday,Afternoon,M309,BADGE SYS DISABLED,Str5,30,12,81.6,2025-05-19 17:43:15,2025-05-19 21:04:27,0.4,False,üî¥ Scarto: 40%
Monday,Afternoon,M326,,Str3,1,0,252.0,2025-05-19 14:34:31,2025-05-19 14:34:31,0.0,False,üê¢ Ciclo: 252s | ‚ö†Ô∏è Pochi moduli
Monday,Afternoon,M326,041689900000,Str1,13,8,143.46153846153845,2025-05-19 20:31:54,2025-05-19 21:12:11,0.6153846153846154,False,üî¥ Scarto: 62% | üê¢ Ciclo: 143s
Monday,Afternoon,M326,041689900000,Str3,1,1,76.0,2025-05-19 21:16:28,2025-05-19 21:16:28,1.0,False,üî¥ Scarto: 100% | ‚ö†Ô∏è Pochi moduli
Monday,Afternoon,M326,041689900000,Str5,66,60,185.93939393939394,2025-05-19 19:28:20,2025-05-19 21:20:49,0.9090909090909091,True,üî¥ Scarto: 91% | üê¢ Ciclo: 185s
Monday,Afternoon,M326,041691900000,Str1,7,6,274.57142857142856,2025-05-19 14:39:34,2025-05-19 15:10:56,0.8571428571428571,False,üî¥ Scarto: 86% | üê¢ Ciclo: 274s
Monday,Afternoon,M326,041691900000,Str3,4,4,512.25,2025-05-19 14:48:27,2025-05-19 15:20:13,1.0,False,üî¥ Scarto: 100% | üê¢ Ciclo: 512s | ‚ö†Ô∏è Pochi moduli
Monday,Afternoon,M326,041927300000,Str1,3,2,1482.3333333333333,2025-05-19 17:42:27,2025-05-19 18:57:38,0.6666666666666666,False,üî¥ Scarto: 67% | üê¢ Ciclo: 1482s | ‚ö†Ô∏è Pochi moduli
Monday,Afternoon,M326,041927300000,Str3,7,3,537.7142857142857,2025-05-19 16:56:02,2025-05-19 18:21:48,0.42857142857142855,False,üî¥ Scarto: 43% | üê¢ Ciclo: 537s
Monday,Afternoon,M326,041927300000,Str5,23,22,146.56521739130434,2025-05-19 18:36:06,2025-05-19 18:52:28,0.9565217391304348,False,üî¥ Scarto: 96% | üê¢ Ciclo: 146s
Monday,Afternoon,M326,042123500000,Str1,2,1,528.0,2025-05-19 16:05:08,2025-05-19 16:46:03,0.5,False,üî¥ Scarto: 50% | üê¢ Ciclo: 528s | ‚ö†Ô∏è Pochi moduli
Monday,Afternoon,M326,042123500000,Str3,2,1,204.0,2025-05-19 15:57:10,2025-05-19 16:13:48,0.5,False,üî¥ Scarto: 50% | üê¢ Ciclo: 204s | ‚ö†Ô∏è Pochi moduli
Monday,Morning,M308,BADGE SYS DISABLED,Str1,84,5,66.52380952380952,2025-05-19 06:49:45,2025-05-19 10:50:06,0.05952380952380952,False,
Monday,Morning,M308,BADGE SYS DISABLED,Str3,4,3,133.5,2025-05-19 08:03:02,2025-05-19 10:48:28,0.75,False,üî¥ Scarto: 75% | üê¢ Ciclo: 133s | ‚ö†Ô∏è Pochi moduli
Monday,Morning,M308,BADGE SYS DISABLED,Str5,60,10,64.51666666666667,2025-05-19 06:52:02,2025-05-19 10:12:16,0.16666666666666666,False,
Monday,Morning,M309,BADGE SYS DISABLED,Str1,6,0,173.5,2025-05-19 06:37:10,2025-05-19 11:07:11,0.0,False,üê¢ Ciclo: 173s
Monday,Morning,M309,BADGE SYS DISABLED,Str3,2,0,34.5,2025-05-19 11:30:36,2025-05-19 11:34:16,0.0,False,‚ö†Ô∏è Pochi moduli
Monday,Morning,M309,BADGE SYS DISABLED,Str5,32,4,116.875,2025-05-19 06:31:56,2025-05-19 13:13:01,0.125,False,
Monday,Morning,M326,,Str5,1,0,38.0,2025-05-19 13:18:59,2025-05-19 13:18:59,0.0,False,‚ö†Ô∏è Pochi moduli
Monday,Morning,M326,041966800000,Str1,2,2,3898.0,2025-05-19 06:48:03,2025-05-19 06:48:03,1.0,False,üî¥ Scarto: 100% | üê¢ Ciclo: 3898s | ‚ö†Ô∏è Pochi moduli
Monday,Morning,M326,041969600000,Str1,4,1,1896.25,2025-05-19 08:03:26,2025-05-19 11:06:01,0.25,False,üî¥ Scarto: 25% | üê¢ Ciclo: 1896s | ‚ö†Ô∏è Pochi moduli
Monday,Morning,M326,041969600000,Str3,1,0,544.0,2025-05-19 10:56:29,2025-05-19 10:56:29,0.0,False,üê¢ Ciclo: 544s | ‚ö†Ô∏è Pochi moduli
Monday,Morning,M326,041969600000,Str5,2,0,3963.0,2025-05-19 09:23:05,2025-05-19 11:32:22,0.0,False,üê¢ Ciclo: 3963s | ‚ö†Ô∏è Pochi moduli
Monday,Night,M308,BADGE SYS DISABLED,Str1,68,14,97.45588235294117,2025-05-19 00:10:54,2025-05-19 23:56:43,0.20588235294117646,False,üî¥ Scarto: 21%
Monday,Night,M308,BADGE SYS DISABLED,Str5,71,13,99.05633802816901,2025-05-19 00:02:45,2025-05-19 23:55:27,0.18309859154929578,False,
Monday,Night,M309,BADGE SYS DISABLED,Str1,11,2,48.0,2025-05-19 02:37:01,2025-05-19 03:02:12,0.18181818181818182,False,
Monday,Night,M309,BADGE SYS DISABLED,Str5,21,10,104.80952380952381,2025-05-19 02:26:26,2025-05-19 23:55:55,0.47619047619047616,False,üî¥ Scarto: 48%
Monday,Night,M326,,Str5,5,5,233.0,2025-05-19 23:54:52,2025-05-19 23:54:52,1.0,False,üî¥ Scarto: 100% | üê¢ Ciclo: 233s
Monday,Night,M326,041705200000,Str1,3,3,410.0,2025-05-19 23:59:20,2025-05-19 23:59:20,1.0,False,üî¥ Scarto: 100% | üê¢ Ciclo: 410s | ‚ö†Ô∏è Pochi moduli
Monday,Night,M326,041708500000,Str1,4,2,1962.5,2025-05-19 04:03:31,2025-05-19 04:37:38,0.5,False,üî¥ Scarto: 50% | üê¢ Ciclo: 1962s | ‚ö†Ô∏è Pochi moduli
Monday,Night,M326,041708500000,Str5,5,2,528.2,2025-05-19 03:19:22,2025-05-19 04:31:24,0.4,False,üî¥ Scarto: 40% | üê¢ Ciclo: 528s
Monday,Night,M326,041979300000,Str1,1,0,115.0,2025-05-19 02:31:12,2025-05-19 02:31:12,0.0,False,‚ö†Ô∏è Pochi moduli
Monday,Night,M326,041979300000,Str5,7,0,652.8571428571429,2025-05-19 01:53:38,2025-05-19 03:04:45,0.0,False,üê¢ Ciclo: 652s
Saturday,Afternoon,M308,BADGE SYS DISABLED,Str1,99,5,55.62626262626262,2025-05-17 14:27:10,2025-05-17 20:19:26,0.050505050505050504,False,
Saturday,Afternoon,M308,BADGE SYS DISABLED,Str3,16,11,43.25,2025-05-17 16:57:11,2025-05-17 17:59:51,0.6875,False,üî¥ Scarto: 69%
Saturday,Afternoon,M308,BADGE SYS DISABLED,Str5,93,4,48.82795698924731,2025-05-17 14:59:14,2025-05-17 20:20:15,0.043010752688172046,False,
Saturday,Afternoon,M309,BADGE SYS DISABLED,Str1,11,10,177.45454545454547,2025-05-17 16:32:32,2025-05-17 16:42:26,0.9090909090909091,False,üî¥ Scarto: 91% | üê¢ Ciclo: 177s
Saturday,Afternoon,M309,BADGE SYS DISABLED,Str3,10,10,152.0,2025-05-17 16:37:03,2025-05-17 16:37:03,1.0,False,üî¥ Scarto: 100% | üê¢ Ciclo: 152s
Saturday,Afternoon,M326,,Str1,2,0,1199.5,2025-05-17 15:31:48,2025-05-17 16:18:08,0.0,False,üê¢ Ciclo: 1199s | ‚ö†Ô∏è Pochi moduli
Saturday,Afternoon,M326,041926500000,Str1,1,0,10021.0,2025-05-17 18:52:34,2025-05-17 18:52:34,0.0,False,üê¢ Ciclo: 10021s | ‚ö†Ô∏è Pochi moduli
Saturday,Afternoon,M326,041926500000,Str5,1,0,4631.0,2025-05-17 16:50:25,2025-05-17 16:50:25,0.0,False,üê¢ Ciclo: 4631s | ‚ö†Ô∏è Pochi moduli
Saturday,Afternoon,M326,041979300000,Str3,1,0,2181.0,2025-05-17 18:12:02,2025-05-17 18:12:02,0.0,False,üê¢ Ciclo: 2181s | ‚ö†Ô∏è Pochi moduli
Saturday,Afternoon,M326,041979300000,Str5,2,1,6494.0,2025-05-17 18:08:03,2025-05-17 21:41:14,0.5,False,üî¥ Scarto: 50% | üê¢ Ciclo: 6494s | ‚ö†Ô∏è Pochi moduli
Saturday,Morning,M308,BADGE SYS DISABLED,Str1,158,53,101.22151898734177,2025-05-17 07:10:14,2025-05-17 13:20:22,0.33544303797468356,False,üî¥ Scarto: 34%
Saturday,Morning,M308,BADGE SYS DISABLED,Str3,55,12,68.7090909090909,2025-05-17 07:32:24,2025-05-17 09:47:50,0.21818181818181817,False,üî¥ Scarto: 22%
Saturday,Morning,M308,BADGE SYS DISABLED,Str5,9,0,33.0,2025-05-17 10:12:53,2025-05-17 11:19:49,0.0,False,
Saturday,Morning,M309,BADGE SYS DISABLED,Str1,8,1,157.25,2025-05-17 08:09:21,2025-05-17 10:55:59,0.125,False,üê¢ Ciclo: 157s
Saturday,Morning,M309,BADGE SYS DISABLED,Str3,1,0,289.0,2025-05-17 10:41:35,2025-05-17 10:41:35,0.0,False,üê¢ Ciclo: 289s | ‚ö†Ô∏è Pochi moduli
Saturday,Morning,M309,BADGE SYS DISABLED,Str5,4,0,82.75,2025-05-17 10:37:56,2025-05-17 10:56:51,0.0,False,‚ö†Ô∏è Pochi moduli
Saturday,Morning,M326,,Str3,1,0,1181.0,2025-05-17 09:10:23,2025-05-17 09:10:23,0.0,False,üê¢ Ciclo: 1181s | ‚ö†Ô∏è Pochi moduli
Saturday,Morning,M326,,Str5,1,1,9813.0,2025-05-17 10:43:18,2025-05-17 10:43:18,1.0,True,üî¥ Scarto: 100% | üê¢ Ciclo: 9813s | ‚ö†Ô∏è Pochi moduli
Saturday,Morning,M326,041702400000,Str3,1,0,715.0,2025-05-17 09:30:58,2025-05-17 09:30:58,0.0,False,üê¢ Ciclo: 715s | ‚ö†Ô∏è Pochi moduli
Saturday,Morning,M326,041925700000,Str1,3,0,321.3333333333333,2025-05-17 08:31:36,2025-05-17 13:30:54,0.0,False,üê¢ Ciclo: 321s | ‚ö†Ô∏è Pochi moduli
Saturday,Night,M308,BADGE SYS DISABLED,Str1,89,2,81.17977528089888,2025-05-17 00:13:25,2025-05-17 23:45:22,0.02247191011235955,False,
Saturday,Night,M308,BADGE SYS DISABLED,Str3,57,4,64.56140350877193,2025-05-17 00:01:28,2025-05-17 02:43:22,0.07017543859649122,False,
Saturday,Night,M308,BADGE SYS DISABLED,Str5,20,0,101.1,2025-05-17 00:00:32,2025-05-17 23:57:30,0.0,False,
Saturday,Night,M326,041969600000,Str3,8,7,19073.875,2025-05-17 01:00:11,2025-05-17 02:28:16,0.875,True,üî¥ Scarto: 88% | üê¢ Ciclo: 19073s
Saturday,Night,M326,041969600000,Str5,3,0,1684.0,2025-05-17 00:52:29,2025-05-17 01:27:43,0.0,False,üê¢ Ciclo: 1684s | ‚ö†Ô∏è Pochi moduli
Sunday,Afternoon,M308,BADGE SYS DISABLED,Str1,39,0,34.17948717948718,2025-05-18 19:06:56,2025-05-18 20:56:27,0.0,False,
Sunday,Afternoon,M308,BADGE SYS DISABLED,Str5,35,1,119.48571428571428,2025-05-18 18:17:56,2025-05-18 20:53:07,0.02857142857142857,False,
Sunday,Afternoon,M309,BADGE SYS DISABLED,Str1,52,14,61.40384615384615,2025-05-18 15:19:10,2025-05-18 19:19:39,0.2692307692307692,False,üî¥ Scarto: 27%
Sunday,Afternoon,M309,BADGE SYS DISABLED,Str3,3,0,198.0,2025-05-18 15:09:37,2025-05-18 15:26:03,0.0,False,üê¢ Ciclo: 198s | ‚ö†Ô∏è Pochi moduli
Sunday,Afternoon,M309,BADGE SYS DISABLED,Str5,67,8,113.95522388059702,2025-05-18 14:22:50,2025-05-18 19:14:52,0.11940298507462686,False,
Sunday,Afternoon,M326,041705200000,Str1,2,0,1348.5,2025-05-18 19:11:53,2025-05-18 19:17:25,0.0,False,üê¢ Ciclo: 1348s | ‚ö†Ô∏è Pochi moduli
Sunday,Afternoon,M326,041705200000,Str5,2,1,2358.0,2025-05-18 18:39:45,2025-05-18 19:57:30,0.5,False,üî¥ Scarto: 50% | üê¢ Ciclo: 2358s | ‚ö†Ô∏è Pochi moduli
Sunday,Afternoon,M326,041925700000,Str1,4,1,2506.25,2025-05-18 15:26:56,2025-05-18 17:58:37,0.25,False,üî¥ Scarto: 25% | üê¢ Ciclo: 2506s | ‚ö†Ô∏è Pochi moduli
Sunday,Afternoon,M326,041925700000,Str5,7,3,326.85714285714283,2025-05-18 14:47:41,2025-05-18 17:28:57,0.42857142857142855,False,üî¥ Scarto: 43% | üê¢ Ciclo: 326s
Sunday,Morning,M308,BADGE SYS DISABLED,Str1,71,2,149.74647887323943,2025-05-11 06:24:33,2025-05-18 09:32:36,0.028169014084507043,False,üê¢ Ciclo: 149s
Sunday,Morning,M308,BADGE SYS DISABLED,Str3,22,0,87.22727272727273,2025-05-11 06:48:03,2025-05-11 11:23:25,0.0,False,
Sunday,Morning,M308,BADGE SYS DISABLED,Str5,40,40,2931.0,2025-05-18 06:45:02,2025-05-18 06:45:02,1.0,True,üî¥ Scarto: 100% | üê¢ Ciclo: 2931s
Sunday,Morning,M309,BADGE SYS DISABLED,Str1,126,51,67.02380952380952,2025-05-11 06:00:53,2025-05-18 13:26:02,0.40476190476190477,False,üî¥ Scarto: 40%
Sunday,Morning,M309,BADGE SYS DISABLED,Str3,50,1,100.08,2025-05-11 06:05:28,2025-05-18 13:49:41,0.02,False,
Sunday,Morning,M309,BADGE SYS DISABLED,Str5,63,25,93.23809523809524,2025-05-18 07:03:18,2025-05-18 13:45:35,0.3968253968253968,False,üî¥ Scarto: 40%
Sunday,Morning,M326,,Str1,4,1,1494.0,2025-05-11 09:37:22,2025-05-18 11:42:15,0.25,False,üî¥ Scarto: 25% | üê¢ Ciclo: 1494s | ‚ö†Ô∏è Pochi moduli
Sunday,Morning,M326,,Str3,1,0,5938.0,2025-05-18 13:07:52,2025-05-18 13:07:52,0.0,False,üê¢ Ciclo: 5938s | ‚ö†Ô∏è Pochi moduli
Sunday,Morning,M326,,Str5,1,0,613.0,2025-05-18 08:09:35,2025-05-18 08:09:35,0.0,False,üê¢ Ciclo: 613s | ‚ö†Ô∏è Pochi moduli
Sunday,Morning,M326,041689900000,Str1,2,2,254.0,2025-05-18 12:25:07,2025-05-18 12:28:46,1.0,False,üî¥ Scarto: 100% | üê¢ Ciclo: 254s | ‚ö†Ô∏è Pochi moduli
Sunday,Morning,M326,041709200000,Str1,4,0,803.5,2025-05-18 08:20:24,2025-05-18 08:45:50,0.0,False,üê¢ Ciclo: 803s | ‚ö†Ô∏è Pochi moduli
Sunday,Morning,M326,042123500000,Str1,6,2,1156.3333333333333,2025-05-18 09:44:31,2025-05-18 10:08:10,0.3333333333333333,False,üî¥ Scarto: 33% | üê¢ Ciclo: 1156s
Sunday,Morning,M326,042123500000,Str3,1,0,1519.0,2025-05-18 11:16:46,2025-05-18 11:16:46,0.0,False,üê¢ Ciclo: 1519s | ‚ö†Ô∏è Pochi moduli
Sunday,Morning,M326,042123500000,Str5,1,0,50.0,2025-05-18 09:53:55,2025-05-18 09:53:55,0.0,False,‚ö†Ô∏è Pochi moduli
Sunday,Morning,M326,Attesa ricezione bad,Str1,3,0,843.0,2025-05-11 07:48:42,2025-05-11 10:43:06,0.0,False,üê¢ Ciclo: 843s | ‚ö†Ô∏è Pochi moduli
Sunday,Night,M308,BADGE SYS DISABLED,Str1,178,62,106.28089887640449,2025-05-11 00:10:49,2025-05-18 23:54:54,0.34831460674157305,False,üî¥ Scarto: 35%
Sunday,Night,M308,BADGE SYS DISABLED,Str3,43,0,168.2093023255814,2025-05-11 00:16:31,2025-05-11 04:49:19,0.0,False,üê¢ Ciclo: 168s
Sunday,Night,M308,BADGE SYS DISABLED,Str5,165,100,102.83636363636364,2025-05-18 00:02:37,2025-05-18 23:53:42,0.6060606060606061,True,üî¥ Scarto: 61%
Sunday,Night,M309,BADGE SYS DISABLED,Str1,7,0,274.0,2025-05-11 00:25:26,2025-05-18 03:41:54,0.0,False,üê¢ Ciclo: 274s
Sunday,Night,M309,BADGE SYS DISABLED,Str3,3,0,906.0,2025-05-11 00:31:55,2025-05-11 05:38:31,0.0,False,üê¢ Ciclo: 906s | ‚ö†Ô∏è Pochi moduli
Sunday,Night,M309,BADGE SYS DISABLED,Str5,21,20,376.1904761904762,2025-05-18 03:33:59,2025-05-18 22:59:04,0.9523809523809523,False,üî¥ Scarto: 95% | üê¢ Ciclo: 376s
Sunday,Night,M326,,Str5,2,0,5071.0,2025-05-18 05:09:55,2025-05-18 23:04:47,0.0,False,üê¢ Ciclo: 5071s | ‚ö†Ô∏è Pochi moduli
Sunday,Night,M326,041978700000,Str1,10,10,7444.0,2025-05-18 05:25:30,2025-05-18 05:25:30,1.0,True,üî¥ Scarto: 100% | üê¢ Ciclo: 7444s
Sunday,Night,M326,042126300000,Str1,1,0,104.0,2025-05-18 02:57:48,2025-05-18 02:57:48,0.0,False,‚ö†Ô∏è Pochi moduli
Sunday,Night,M326,042126300000,Str5,23,21,1560.9130434782608,2025-05-18 01:42:09,2025-05-18 04:10:39,0.9130434782608695,False,üî¥ Scarto: 91% | üê¢ Ciclo: 1560s
Sunday,Night,M326,Attesa ricezione bad,Str1,8,0,488.75,2025-05-11 01:15:16,2025-05-11 02:24:11,0.0,False,üê¢ Ciclo: 488s
Sunday,Night,M326,Attesa ricezione bad,Str3,2,0,9668.5,2025-05-11 01:23:10,2025-05-11 02:32:46,0.0,False,üê¢ Ciclo: 9668s | ‚ö†Ô∏è Pochi moduli
Thursday,Afternoon,M308,BADGE SYS DISABLED,Str1,6,3,136.16666666666666,2025-05-15 14:14:50,2025-05-15 18:49:54,0.5,False,üî¥ Scarto: 50% | üê¢ Ciclo: 136s
Thursday,Afternoon,M308,BADGE SYS DISABLED,Str3,28,17,58.535714285714285,2025-05-15 14:17:13,2025-05-15 18:37:45,0.6071428571428571,False,üî¥ Scarto: 61%
Thursday,Afternoon,M308,BADGE SYS DISABLED,Str4,2,0,75.5,2025-05-15 14:35:32,2025-05-15 14:44:36,0.0,False,‚ö†Ô∏è Pochi moduli
Thursday,Afternoon,M308,BADGE SYS DISABLED,Str5,16,0,100.9375,2025-05-15 14:37:12,2025-05-15 19:01:25,0.0,False,
Thursday,Afternoon,M309,BADGE SYS DISABLED,Str1,49,1,79.61224489795919,2025-05-15 14:27:14,2025-05-15 21:41:51,0.02040816326530612,False,
Thursday,Afternoon,M309,BADGE SYS DISABLED,Str2,1,0,240.0,2025-05-15 14:27:56,2025-05-15 14:27:56,0.0,False,üê¢ Ciclo: 240s | ‚ö†Ô∏è Pochi moduli
Thursday,Afternoon,M309,BADGE SYS DISABLED,Str3,67,15,66.25757575757575,2025-05-15 14:17:34,2025-05-15 18:27:00,0.22388059701492538,False,üî¥ Scarto: 22%
Thursday,Afternoon,M309,BADGE SYS DISABLED,Str4,2,0,140.0,2025-05-15 14:48:00,2025-05-15 14:54:13,0.0,False,üê¢ Ciclo: 140s | ‚ö†Ô∏è Pochi moduli
Thursday,Afternoon,M309,BADGE SYS DISABLED,Str5,89,42,100.38202247191012,2025-05-15 14:37:49,2025-05-15 21:39:39,0.47191011235955055,False,üî¥ Scarto: 47%
Thursday,Afternoon,M326,041707100000,Str1,7,4,243.66666666666666,2025-05-15 15:09:41,2025-05-15 19:05:15,0.5714285714285714,False,üî¥ Scarto: 57% | üê¢ Ciclo: 243s
Thursday,Afternoon,M326,041707100000,Str2,1,0,32.0,2025-05-15 15:37:36,2025-05-15 15:37:36,0.0,False,‚ö†Ô∏è Pochi moduli
Thursday,Afternoon,M326,041707100000,Str3,11,4,1565.0,2025-05-15 15:16:23,2025-05-15 19:57:41,0.36363636363636365,False,üî¥ Scarto: 36% | üê¢ Ciclo: 1565s
Thursday,Afternoon,M326,041707100000,Str4,10,10,105.0,2025-05-15 15:07:16,2025-05-15 15:07:16,1.0,False,üî¥ Scarto: 100%
Thursday,Afternoon,M326,041707100000,Str5,53,50,775.188679245283,2025-05-15 14:44:10,2025-05-15 21:32:26,0.9433962264150944,True,üî¥ Scarto: 94% | üê¢ Ciclo: 775s
Thursday,Morning,M308,BADGE SYS DISABLED,Str1,58,1,159.0,2025-05-15 07:36:31,2025-05-15 13:42:28,0.017241379310344827,False,üê¢ Ciclo: 159s
Thursday,Morning,M308,BADGE SYS DISABLED,Str2,10,0,42.9,2025-05-15 07:55:06,2025-05-15 13:13:02,0.0,False,
Thursday,Morning,M308,BADGE SYS DISABLED,Str3,41,0,72.63414634146342,2025-05-15 08:02:23,2025-05-15 13:35:51,0.0,False,
Thursday,Morning,M308,BADGE SYS DISABLED,Str4,13,0,59.69230769230769,2025-05-15 08:07:26,2025-05-15 13:38:38,0.0,False,
Thursday,Morning,M308,BADGE SYS DISABLED,Str5,25,0,52.68,2025-05-15 07:57:18,2025-05-15 12:30:18,0.0,False,
Thursday,Morning,M309,BADGE SYS DISABLED,Str1,25,0,291.84,2025-05-15 07:22:26,2025-05-15 12:11:59,0.0,False,üê¢ Ciclo: 291s
Thursday,Morning,M309,BADGE SYS DISABLED,Str2,2,0,483.5,2025-05-15 11:18:28,2025-05-15 12:09:54,0.0,False,üê¢ Ciclo: 483s | ‚ö†Ô∏è Pochi moduli
Thursday,Morning,M309,BADGE SYS DISABLED,Str3,16,0,305.3125,2025-05-15 09:15:20,2025-05-15 13:56:59,0.0,False,üê¢ Ciclo: 305s
Thursday,Morning,M309,BADGE SYS DISABLED,Str4,7,0,163.14285714285714,2025-05-15 08:57:44,2025-05-15 12:07:18,0.0,False,üê¢ Ciclo: 163s
Thursday,Morning,M309,BADGE SYS DISABLED,Str5,10,0,111.9,2025-05-15 08:55:16,2025-05-15 11:04:32,0.0,False,
Thursday,Morning,M326,,Str1,1,0,7077.0,2025-05-15 06:23:27,2025-05-15 06:23:27,0.0,False,üê¢ Ciclo: 7077s | ‚ö†Ô∏è Pochi moduli
Thursday,Morning,M326,041978700000,Str4,2,0,3900.5,2025-05-15 12:32:43,2025-05-15 12:35:21,0.0,False,üê¢ Ciclo: 3900s | ‚ö†Ô∏è Pochi moduli
Thursday,Morning,M326,042126300000,Str1,23,22,6050.347826086957,2025-05-15 08:40:01,2025-05-15 10:52:15,0.9565217391304348,False,üî¥ Scarto: 96% | üê¢ Ciclo: 6050s
Thursday,Morning,M326,042126300000,Str3,1,0,,2025-05-15 08:24:33,2025-05-15 08:24:33,0.0,False,‚ö†Ô∏è Pochi moduli
Thursday,Morning,M326,042126300000,Str4,1,1,195.0,2025-05-15 12:26:26,2025-05-15 12:26:26,1.0,False,üî¥ Scarto: 100% | üê¢ Ciclo: 195s | ‚ö†Ô∏è Pochi moduli
Thursday,Night,M308,BADGE SYS DISABLED,Str1,79,6,176.72151898734177,2025-05-15 00:03:18,2025-05-15 23:39:06,0.0759493670886076,False,üê¢ Ciclo: 176s
Thursday,Night,M308,BADGE SYS DISABLED,Str3,69,1,147.3768115942029,2025-05-15 00:14:35,2025-05-15 05:42:37,0.014492753623188406,False,üê¢ Ciclo: 147s
Thursday,Night,M308,BADGE SYS DISABLED,Str4,16,2,87.125,2025-05-15 01:38:14,2025-05-15 05:40:56,0.125,False,
Thursday,Night,M308,BADGE SYS DISABLED,Str5,47,4,54.59574468085106,2025-05-15 00:39:03,2025-05-15 05:39:12,0.0851063829787234,False,
Thursday,Night,M309,BADGE SYS DISABLED,Str1,6,0,151.83333333333334,2025-05-15 22:39:11,2025-05-15 23:06:21,0.0,False,üê¢ Ciclo: 151s
Thursday,Night,M309,BADGE SYS DISABLED,Str5,1,0,202.0,2025-05-15 22:59:03,2025-05-15 22:59:03,0.0,False,üê¢ Ciclo: 202s | ‚ö†Ô∏è Pochi moduli
Thursday,Night,M326,,Str5,3,3,3569.6666666666665,2025-05-15 03:07:58,2025-05-15 22:53:20,1.0,True,üî¥ Scarto: 100% | üê¢ Ciclo: 3569s | ‚ö†Ô∏è Pochi moduli
Thursday,Night,M326,041925700000,Str1,1,0,111.0,2025-05-15 04:26:09,2025-05-15 04:26:09,0.0,False,‚ö†Ô∏è Pochi moduli
Thursday,Night,M326,041925700000,Str3,1,1,105.0,2025-05-15 04:28:33,2025-05-15 04:28:33,1.0,False,üî¥ Scarto: 100% | ‚ö†Ô∏è Pochi moduli
Thursday,Night,M326,041925700000,Str5,1,1,634.0,2025-05-15 04:31:26,2025-05-15 04:31:26,1.0,False,üî¥ Scarto: 100% | üê¢ Ciclo: 634s | ‚ö†Ô∏è Pochi moduli
Thursday,Night,M326,041930900000,Str1,1,0,1094.0,2025-05-15 02:20:32,2025-05-15 02:20:32,0.0,False,üê¢ Ciclo: 1094s | ‚ö†Ô∏è Pochi moduli
Tuesday,Afternoon,M308,BADGE SYS DISABLED,Str1,133,9,85.41353383458646,2025-05-13 15:09:19,2025-05-20 20:35:41,0.06766917293233082,False,
Tuesday,Afternoon,M308,BADGE SYS DISABLED,Str3,91,25,162.95604395604394,2025-05-13 17:59:27,2025-05-20 20:55:55,0.27472527472527475,False,üî¥ Scarto: 27% | üê¢ Ciclo: 162s
Tuesday,Afternoon,M308,BADGE SYS DISABLED,Str5,14,3,101.28571428571429,2025-05-13 21:15:53,2025-05-20 20:31:49,0.21428571428571427,False,üî¥ Scarto: 21%
Tuesday,Afternoon,M309,BADGE SYS DISABLED,Str1,68,0,86.26470588235294,2025-05-13 14:49:23,2025-05-13 21:01:30,0.0,False,
Tuesday,Afternoon,M309,BADGE SYS DISABLED,Str3,60,1,128.33898305084745,2025-05-13 14:52:25,2025-05-13 21:05:00,0.016666666666666666,False,üê¢ Ciclo: 128s
Tuesday,Afternoon,M326,,Str1,1,0,6768.0,2025-05-13 16:56:05,2025-05-13 16:56:05,0.0,False,üê¢ Ciclo: 6768s | ‚ö†Ô∏è Pochi moduli
Tuesday,Afternoon,M326,,Str3,1,0,735.0,2025-05-20 16:48:26,2025-05-20 16:48:26,0.0,False,üê¢ Ciclo: 735s | ‚ö†Ô∏è Pochi moduli
Tuesday,Afternoon,M326,041689500000,Str1,3,0,80.0,2025-05-20 20:50:34,2025-05-20 21:09:45,0.0,False,‚ö†Ô∏è Pochi moduli
Tuesday,Afternoon,M326,041689500000,Str3,3,0,82.33333333333333,2025-05-20 21:05:13,2025-05-20 21:17:34,0.0,False,‚ö†Ô∏è Pochi moduli
Tuesday,Afternoon,M326,041689500000,Str5,2,0,238.0,2025-05-20 20:52:55,2025-05-20 21:04:19,0.0,False,üê¢ Ciclo: 238s | ‚ö†Ô∏è Pochi moduli
Tuesday,Afternoon,M326,041701600000,Str1,4,2,348.25,2025-05-20 18:08:40,2025-05-20 20:07:27,0.5,False,üî¥ Scarto: 50% | üê¢ Ciclo: 348s | ‚ö†Ô∏è Pochi moduli
Tuesday,Afternoon,M326,041701600000,Str3,7,1,305.57142857142856,2025-05-20 17:58:14,2025-05-20 19:38:20,0.14285714285714285,False,üê¢ Ciclo: 305s
Tuesday,Afternoon,M326,041701600000,Str5,1,0,639.0,2025-05-20 20:39:14,2025-05-20 20:39:14,0.0,False,üê¢ Ciclo: 639s | ‚ö†Ô∏è Pochi moduli
Tuesday,Afternoon,M326,041966800000,Str1,1,1,440.0,2025-05-20 17:50:15,2025-05-20 17:50:15,1.0,False,üî¥ Scarto: 100% | üê¢ Ciclo: 440s | ‚ö†Ô∏è Pochi moduli
Tuesday,Afternoon,M326,041966800000,Str3,13,10,160.76923076923077,2025-05-20 17:04:35,2025-05-20 17:18:26,0.7692307692307693,False,üî¥ Scarto: 77% | üê¢ Ciclo: 160s
Tuesday,Afternoon,M326,Attesa ricezione bad,Str1,1,0,12699.0,2025-05-13 18:50:05,2025-05-13 18:50:05,0.0,False,üê¢ Ciclo: 12699s | ‚ö†Ô∏è Pochi moduli
Tuesday,Morning,M308,BADGE SYS DISABLED,Str1,98,4,82.68367346938776,2025-05-20 07:14:15,2025-05-20 13:22:29,0.04081632653061224,False,
Tuesday,Morning,M308,BADGE SYS DISABLED,Str3,1,0,63.0,2025-05-20 11:08:06,2025-05-20 11:08:06,0.0,False,‚ö†Ô∏è Pochi moduli
Tuesday,Morning,M308,BADGE SYS DISABLED,Str5,97,12,96.94845360824742,2025-05-20 06:30:23,2025-05-20 13:23:26,0.12371134020618557,False,
Tuesday,Morning,M309,BADGE SYS DISABLED,Str1,4,0,61.25,2025-05-13 13:21:03,2025-05-13 13:30:59,0.0,False,‚ö†Ô∏è Pochi moduli
Tuesday,Morning,M309,BADGE SYS DISABLED,Str3,5,0,62.6,2025-05-13 13:22:23,2025-05-13 13:46:00,0.0,False,
Tuesday,Morning,M326,,Str1,1,0,138.0,2025-05-20 06:17:20,2025-05-20 06:17:20,0.0,False,üê¢ Ciclo: 138s | ‚ö†Ô∏è Pochi moduli
Tuesday,Morning,M326,,Str5,2,0,412.0,2025-05-20 09:36:34,2025-05-20 11:23:19,0.0,False,üê¢ Ciclo: 412s | ‚ö†Ô∏è Pochi moduli
Tuesday,Morning,M326,041690900000,Str5,2,1,816.0,2025-05-20 11:32:07,2025-05-20 11:52:45,0.5,False,üî¥ Scarto: 50% | üê¢ Ciclo: 816s | ‚ö†Ô∏è Pochi moduli
Tuesday,Morning,M326,042126300000,Str1,4,3,403.0,2025-05-20 07:31:09,2025-05-20 08:37:35,0.75,False,üî¥ Scarto: 75% | üê¢ Ciclo: 403s | ‚ö†Ô∏è Pochi moduli
Tuesday,Morning,M326,042126300000,Str5,13,9,340.38461538461536,2025-05-20 07:37:31,2025-05-20 13:28:51,0.6923076923076923,False,üî¥ Scarto: 69% | üê¢ Ciclo: 340s
Tuesday,Night,M308,BADGE SYS DISABLED,Str1,133,4,56.32330827067669,2025-05-13 22:12:24,2025-05-20 23:37:54,0.03007518796992481,False,
Tuesday,Night,M308,BADGE SYS DISABLED,Str3,45,0,55.644444444444446,2025-05-13 22:26:04,2025-05-20 23:33:25,0.0,False,
Tuesday,Night,M308,BADGE SYS DISABLED,Str5,82,12,84.58536585365853,2025-05-13 23:18:50,2025-05-20 05:25:05,0.14634146341463414,False,
Tuesday,Night,M309,BADGE SYS DISABLED,Str1,15,10,215.46666666666667,2025-05-20 00:02:18,2025-05-20 23:34:40,0.6666666666666666,False,üî¥ Scarto: 67% | üê¢ Ciclo: 215s
Tuesday,Night,M309,BADGE SYS DISABLED,Str3,12,10,550.4166666666666,2025-05-20 23:04:37,2025-05-20 23:53:06,0.8333333333333334,False,üî¥ Scarto: 83% | üê¢ Ciclo: 550s
Tuesday,Night,M309,BADGE SYS DISABLED,Str5,4,0,1195.0,2025-05-20 00:04:20,2025-05-20 01:26:53,0.0,False,üê¢ Ciclo: 1195s | ‚ö†Ô∏è Pochi moduli
Tuesday,Night,M326,,Str3,5,5,369.0,2025-05-20 23:08:30,2025-05-20 23:08:30,1.0,False,üî¥ Scarto: 100% | üê¢ Ciclo: 369s
Tuesday,Night,M326,,Str5,3,1,2259.6666666666665,2025-05-13 23:23:26,2025-05-20 04:47:59,0.3333333333333333,False,üî¥ Scarto: 33% | üê¢ Ciclo: 2259s | ‚ö†Ô∏è Pochi moduli
Tuesday,Night,M326,041684000000,Str1,13,12,110.23076923076923,2025-05-20 23:15:13,2025-05-20 23:22:18,0.9230769230769231,False,üî¥ Scarto: 92%
Tuesday,Night,M326,041684000000,Str3,1,0,101.0,2025-05-20 23:23:40,2025-05-20 23:23:40,0.0,False,‚ö†Ô∏è Pochi moduli
Tuesday,Night,M326,041705200000,Str1,14,13,444.64285714285717,2025-05-20 00:06:40,2025-05-20 01:50:11,0.9285714285714286,False,üî¥ Scarto: 93% | üê¢ Ciclo: 444s
Tuesday,Night,M326,041705200000,Str5,25,20,395.96,2025-05-20 00:16:40,2025-05-20 01:56:27,0.8,False,üî¥ Scarto: 80% | üê¢ Ciclo: 395s
Tuesday,Night,M326,041930900000,Str1,1,0,101.0,2025-05-20 05:13:34,2025-05-20 05:13:34,0.0,False,‚ö†Ô∏è Pochi moduli
Tuesday,Night,M326,041930900000,Str5,4,1,434.0,2025-05-20 04:54:12,2025-05-20 05:38:29,0.25,False,üî¥ Scarto: 25% | üê¢ Ciclo: 434s | ‚ö†Ô∏è Pochi moduli
Tuesday,Night,M326,041972400000,Str5,1,0,190.0,2025-05-20 04:09:28,2025-05-20 04:09:28,0.0,False,üê¢ Ciclo: 190s | ‚ö†Ô∏è Pochi moduli
Tuesday,Night,M326,Attesa ricezione bad,Str1,1,0,2887.0,2025-05-13 22:31:18,2025-05-13 22:31:18,0.0,False,üê¢ Ciclo: 2887s | ‚ö†Ô∏è Pochi moduli
Wednesday,Afternoon,M308,BADGE SYS DISABLED,Str1,21,0,282.85714285714283,2025-05-14 16:00:06,2025-05-14 21:00:44,0.0,False,üê¢ Ciclo: 282s
Wednesday,Afternoon,M308,BADGE SYS DISABLED,Str2,4,0,20.0,2025-05-14 17:52:13,2025-05-14 18:52:59,0.0,False,‚ö†Ô∏è Pochi moduli
Wednesday,Afternoon,M308,BADGE SYS DISABLED,Str3,6,0,548.6666666666666,2025-05-14 18:17:04,2025-05-14 19:56:48,0.0,False,üê¢ Ciclo: 548s
Wednesday,Afternoon,M308,BADGE SYS DISABLED,Str4,9,0,83.88888888888889,2025-05-14 16:36:47,2025-05-14 18:55:42,0.0,False,
Wednesday,Afternoon,M308,BADGE SYS DISABLED,Str5,4,0,114.25,2025-05-14 15:55:12,2025-05-14 19:46:00,0.0,False,‚ö†Ô∏è Pochi moduli
Wednesday,Afternoon,M309,BADGE SYS DISABLED,Str1,54,2,47.333333333333336,2025-05-14 16:54:26,2025-05-14 21:43:50,0.037037037037037035,False,
Wednesday,Afternoon,M309,BADGE SYS DISABLED,Str2,3,0,65.0,2025-05-14 17:35:23,2025-05-14 19:57:08,0.0,False,‚ö†Ô∏è Pochi moduli
Wednesday,Afternoon,M309,BADGE SYS DISABLED,Str3,6,0,96.0,2025-05-14 18:03:52,2025-05-14 20:04:52,0.0,False,
Wednesday,Afternoon,M309,BADGE SYS DISABLED,Str4,12,0,99.08333333333333,2025-05-14 16:25:54,2025-05-14 20:02:31,0.0,False,
Wednesday,Afternoon,M309,BADGE SYS DISABLED,Str5,29,0,179.64285714285714,2025-05-14 14:54:33,2025-05-14 21:35:58,0.0,False,üê¢ Ciclo: 179s
Wednesday,Afternoon,M326,041684000000,Str1,1,0,1410.0,2025-05-14 17:30:10,2025-05-14 17:30:10,0.0,False,üê¢ Ciclo: 1410s | ‚ö†Ô∏è Pochi moduli
Wednesday,Afternoon,M326,041684000000,Str4,2,0,3100.5,2025-05-14 18:12:55,2025-05-14 18:23:10,0.0,False,üê¢ Ciclo: 3100s | ‚ö†Ô∏è Pochi moduli
Wednesday,Afternoon,M326,041684000000,Str5,3,0,389.6666666666667,2025-05-14 17:55:44,2025-05-14 18:19:36,0.0,False,üê¢ Ciclo: 389s | ‚ö†Ô∏è Pochi moduli
Wednesday,Afternoon,M326,041689900000,Str1,2,0,644.5,2025-05-14 16:25:54,2025-05-14 20:06:22,0.0,False,üê¢ Ciclo: 644s | ‚ö†Ô∏è Pochi moduli
Wednesday,Afternoon,M326,041689900000,Str3,1,0,332.0,2025-05-14 20:31:04,2025-05-14 20:31:04,0.0,False,üê¢ Ciclo: 332s | ‚ö†Ô∏è Pochi moduli
Wednesday,Afternoon,M326,041689900000,Str4,3,2,3137.0,2025-05-14 16:32:08,2025-05-14 20:36:58,0.6666666666666666,False,üî¥ Scarto: 67% | üê¢ Ciclo: 3137s | ‚ö†Ô∏è Pochi moduli
Wednesday,Afternoon,M326,041689900000,Str5,2,0,486.0,2025-05-14 16:05:55,2025-05-14 20:22:36,0.0,False,üê¢ Ciclo: 486s | ‚ö†Ô∏è Pochi moduli
Wednesday,Afternoon,M326,041968000000,Str4,2,2,17617.0,2025-05-14 21:21:28,2025-05-14 21:21:28,1.0,True,üî¥ Scarto: 100% | üê¢ Ciclo: 17617s | ‚ö†Ô∏è Pochi moduli
Wednesday,Afternoon,M326,041968000000,Str5,1,0,120.0,2025-05-14 21:19:04,2025-05-14 21:19:04,0.0,False,‚ö†Ô∏è Pochi moduli
Wednesday,Morning,M308,BADGE SYS DISABLED,Str1,34,1,80.79411764705883,2025-05-14 07:07:37,2025-05-21 09:06:46,0.029411764705882353,False,
Wednesday,Morning,M308,BADGE SYS DISABLED,Str3,63,1,76.71428571428571,2025-05-14 06:40:39,2025-05-21 09:26:13,0.015873015873015872,False,
Wednesday,Morning,M308,BADGE SYS DISABLED,Str5,26,0,159.3846153846154,2025-05-14 07:10:30,2025-05-14 10:13:55,0.0,False,üê¢ Ciclo: 159s
Wednesday,Morning,M309,BADGE SYS DISABLED,Str1,22,5,73.4090909090909,2025-05-14 09:37:48,2025-05-14 13:27:22,0.22727272727272727,False,üî¥ Scarto: 23%
Wednesday,Morning,M309,BADGE SYS DISABLED,Str3,20,2,84.15,2025-05-14 07:31:44,2025-05-21 09:09:21,0.1,False,
Wednesday,Morning,M309,BADGE SYS DISABLED,Str4,24,1,138.0,2025-05-14 11:49:54,2025-05-14 13:37:14,0.041666666666666664,False,üê¢ Ciclo: 138s
Wednesday,Morning,M309,BADGE SYS DISABLED,Str5,41,0,170.7560975609756,2025-05-14 09:46:09,2025-05-14 13:59:22,0.0,False,üê¢ Ciclo: 170s
Wednesday,Morning,M326,,Str1,2,0,2942.0,2025-05-14 09:01:53,2025-05-14 12:53:07,0.0,False,üê¢ Ciclo: 2942s | ‚ö†Ô∏è Pochi moduli
Wednesday,Morning,M326,,Str3,1,0,1309.0,2025-05-21 08:53:11,2025-05-21 08:53:11,0.0,False,üê¢ Ciclo: 1309s | ‚ö†Ô∏è Pochi moduli
Wednesday,Morning,M326,,Str5,1,0,1297.0,2025-05-14 07:19:04,2025-05-14 07:19:04,0.0,False,üê¢ Ciclo: 1297s | ‚ö†Ô∏è Pochi moduli
Wednesday,Morning,M326,041979300000,Str3,1,0,,2025-05-21 09:16:07,2025-05-21 09:16:07,0.0,False,‚ö†Ô∏è Pochi moduli
Wednesday,Morning,M326,Attesa ricezione bad,Str1,2,0,4536.5,2025-05-14 13:27:26,2025-05-14 13:48:17,0.0,False,üê¢ Ciclo: 4536s | ‚ö†Ô∏è Pochi moduli
Wednesday,Morning,M326,Attesa ricezione bad,Str3,2,0,575.0,2025-05-14 08:31:47,2025-05-14 10:46:14,0.0,False,üê¢ Ciclo: 575s | ‚ö†Ô∏è Pochi moduli
Wednesday,Morning,M326,Attesa ricezione bad,Str4,2,0,303.0,2025-05-14 12:06:16,2025-05-14 13:02:47,0.0,False,üê¢ Ciclo: 303s | ‚ö†Ô∏è Pochi moduli
Wednesday,Morning,M326,Attesa ricezione bad,Str5,5,0,430.0,2025-05-14 07:53:24,2025-05-14 11:52:16,0.0,False,üê¢ Ciclo: 430s
Wednesday,Night,M308,BADGE SYS DISABLED,Str1,49,0,55.93877551020408,2025-05-14 04:05:46,2025-05-21 00:57:49,0.0,False,
Wednesday,Night,M308,BADGE SYS DISABLED,Str3,112,0,94.13392857142857,2025-05-14 00:00:33,2025-05-21 00:37:49,0.0,False,
Wednesday,Night,M308,BADGE SYS DISABLED,Str5,7,0,264.57142857142856,2025-05-14 00:07:45,2025-05-14 02:09:51,0.0,False,üê¢ Ciclo: 264s
Wednesday,Night,M309,BADGE SYS DISABLED,Str1,19,0,477.2105263157895,2025-05-14 03:31:59,2025-05-14 23:50:42,0.0,False,üê¢ Ciclo: 477s
Wednesday,Night,M309,BADGE SYS DISABLED,Str3,17,0,74.23529411764706,2025-05-14 00:44:50,2025-05-14 23:08:23,0.0,False,
Wednesday,Night,M309,BADGE SYS DISABLED,Str5,2,0,520.5,2025-05-14 00:33:44,2025-05-14 00:51:55,0.0,False,üê¢ Ciclo: 520s | ‚ö†Ô∏è Pochi moduli
Wednesday,Night,M326,,Str1,2,0,1323.0,2025-05-14 04:43:22,2025-05-14 05:27:45,0.0,False,üê¢ Ciclo: 1323s | ‚ö†Ô∏è Pochi moduli
Wednesday,Night,M326,Attesa ricezione bad,Str3,6,0,1534.0,2025-05-14 01:30:43,2025-05-14 05:54:45,0.0,False,üê¢ Ciclo: 1534s
